<Biological_DB xmlns:xsi="http://www.w3.org/2001/XMLSchema-instance" xsi:noNamespaceSchemaLocation="file:///C:/Users/aleja/Desktop/Asignaturas/BASES%20DE%20DATOS%20BIOL%C3%93GICAS/ProyectoFinal/XSDProyecto_1.xsd">
    <Pathways ID="SMP0000055">
        <ClinGene ID="ABCC4">
            <DiseaseLabel>qualitative platelet defect</DiseaseLabel>
            <Classification>Moderate</Classification>
            <OnlineReport>AR</OnlineReport>
        </ClinGene>
        <ClinGene ID="ABCC9">
            <DiseaseLabel>dilated cardiomyopathy</DiseaseLabel>
            <Classification>Limited</Classification>
            <OnlineReport>AD</OnlineReport>
        </ClinGene>
        <ClinGene ID="ABCD1">
            <DiseaseLabel>adrenoleukodystrophy</DiseaseLabel>
            <Classification>Definitive</Classification>
            <OnlineReport>XL</OnlineReport>
        </ClinGene>
        <Name>Alanine Metabolism</Name>
        <Subject>Metabolic</Subject>
    </Pathways>
    <Pathways ID="SMP0000067">
        <ClinGene ID="ABCD3">
            <DiseaseLabel>congenital bile acid synthesis defect 5</DiseaseLabel>
            <Classification>Limited</Classification>
            <OnlineReport>AR</OnlineReport>
        </ClinGene>
        <ClinGene ID="ABCG5">
            <DiseaseLabel>sitosterolemia</DiseaseLabel>
            <Classification>Definitive</Classification>
            <OnlineReport>AR</OnlineReport>
        </ClinGene>
        <ClinGene ID="ABCG8">
            <DiseaseLabel>sitosterolemia</DiseaseLabel>
            <Classification>Definitive</Classification>
            <OnlineReport>AR</OnlineReport>
        </ClinGene>
        <ClinGene ID="ABHD12">
            <DiseaseLabel>PHARC syndrome</DiseaseLabel>
            <Classification>Definitive</Classification>
            <OnlineReport>AR</OnlineReport>
        </ClinGene>
        <ClinGene ID="ACAD8">
            <DiseaseLabel>isobutyryl-CoA dehydrogenase deficiency</DiseaseLabel>
            <Classification>Definitive</Classification>
            <OnlineReport>AR</OnlineReport>
        </ClinGene>
        <Name>Aspartate Metabolism</Name>
        <Subject>Metabolic</Subject>
    </Pathways>
    <Pathways ID="SMP0000072">
        <ClinGene ID="ACAD9">
            <DiseaseLabel>acyl-CoA dehydrogenase 9 deficiency</DiseaseLabel>
            <Classification>Definitive</Classification>
            <OnlineReport>AR</OnlineReport>
        </ClinGene>
        <ClinGene ID="ACADL">
            <DiseaseLabel>long chain acyl-CoA dehydrogenase deficiency</DiseaseLabel>
            <Classification>Disputed</Classification>
            <OnlineReport>AR</OnlineReport>
        </ClinGene>
        <ClinGene ID="ACADM">
            <DiseaseLabel>medium chain acyl-CoA dehydrogenase deficiency</DiseaseLabel>
            <Classification>Definitive</Classification>
            <OnlineReport>AR</OnlineReport>
        </ClinGene>
        <ClinGene ID="ACADS">
            <DiseaseLabel>short chain acyl-CoA dehydrogenase deficiency</DiseaseLabel>
            <Classification>Definitive</Classification>
            <OnlineReport>AR</OnlineReport>
        </ClinGene>
        <Name>Glutamate Metabolism</Name>
        <Subject>Metabolic</Subject>
    </Pathways>
    <ClinicalTrials ID="NCT03904121">
        <ResultsCT ID="MONDO:0018997">
            <Study>study interventions are recombinant CD40-ligand . melanoma skin diagnosis and no active cns metastases by ct scan or mri</Study>
        </ResultsCT>
        <Title>Colon Cancer Surgery in the Aged; Postoperative Outcome, Functional Recovery and Survival.</Title>
        <Interventions>Observational</Interventions>
    </ClinicalTrials>
    <ClinicalTrials ID="NCT04031963">
        <ResultsCT ID="MONDO:0018614">
            <Study>study interventions are Liposomal doxorubicin . colorectal cancer diagnosis and cardiovascular</Study>
        </ResultsCT>
        <Title>Novel Biophotonics Methodology for Colon Cancer Screening</Title>
        <Interventions>Observational</Interventions>
    </ClinicalTrials>
    <ClinicalTrials ID="NCT04079946">
        <ResultsCT ID="MONDO:0009388">
            <Study>study interventions are BI 836909 . multiple myeloma diagnosis and indwelling central venous cateder or willingness to undergo intra venous central line placement</Study>
        </ResultsCT>
        <Title>The Efficacy Of Complete Mesocolic Excision With Central Vessel Ligation Technique On Lymph Nodes And Safety Margins Compared With Conventional Surgery For Colon Cancer Treatment</Title>
        <Interventions>Interventional</Interventions>
    </ClinicalTrials>
    <ArticlesPubMed ID="31761807">
        <Title>What Is Cancer?</Title>
        <Authors>Hausman DM.</Authors>
        <Citation>Perspect Biol Med. 2019;62(4):778-784. doi: 10.1353/pbm.2019.0046.</Citation>
    </ArticlesPubMed>
    <ArticlesPubMed ID="27741350">
        <Title>Measuring cancer evolution from the genome</Title>
        <Authors>Graham TA, Sottoriva A.</Authors>
        <Citation>J Pathol. 2017 Jan;241(2):183-191. doi: 10.1002/path.4821. Epub 2016 Nov 18.</Citation>
    </ArticlesPubMed>
    <ArticlesPubMed ID="27839715">
        <Title>[Lucy's cancer(s): A prehistorical origin?]</Title>
        <Authors>Chene G, Lamblin G, Le Bail-Carval K, Beaufils E, Chabert P, Gaucherand P, Mellier G, Coppens Y.</Authors>
        <Citation>Gynecol Obstet Fertil. 2016 Dec;44(12):690-700. doi: 10.1016/j.gyobfe.2016.10.001. Epub 2016 Nov 7.</Citation>
    </ArticlesPubMed>
    <ArticlesPubMed ID="26667886">
        <Title>Global Cancer Incidence and Mortality Rates and Trends--An Update</Title>
        <Authors>Torre LA, Siegel RL, Ward EM, Jemal A.</Authors>
        <Citation>Cancer Epidemiol Biomarkers Prev. 2016 Jan;25(1):16-27. doi: 10.1158/1055-9965.EPI-15-0578. Epub 2015 Dec 14.</Citation>
    </ArticlesPubMed>
    <ArticlesPubMed ID="19491253">
        <Title>Cancer prevention: from 1727 to milestones of the past 100 years</Title>
        <Authors>Lippman SM, Hawk ET.</Authors>
        <Citation>Cancer Res. 2009 Jul 1;69(13):5269-84. doi: 10.1158/0008-5472.CAN-09-1750. Epub 2009 Jun 2.</Citation>
    </ArticlesPubMed>
</Biological_DB>